

INSERT INTO genres (id, genre_name, genre_img) VALUES (7, 'Jazz', 'images/jazz.jpeg');
INSERT INTO genres (id, genre_name, genre_img) VALUES (1, 'Поп', 'images/pop.jpg');
INSERT INTO genres (id, genre_name, genre_img) VALUES (2, 'Народная песня', 'images/folk.jpg');
INSERT INTO genres (id, genre_name, genre_img) VALUES (3, 'Метал', 'images/metal.jpg');
INSERT INTO genres (id, genre_name, genre_img) VALUES (4, 'Эстрада', 'images/stage.jpg');
INSERT INTO genres (id, genre_name, genre_img) VALUES (5, 'Рэп', 'images/rap.jpg');
INSERT INTO genres (id, genre_name, genre_img) VALUES (8, 'Q-pop', 'images/qpop.jpg');

INSERT INTO author (id, author_name, author_photo, genre_id) VALUES (2, 'Дос-Мукасан', 'images/dos-mukasan.jpg', 2);
INSERT INTO author (id, author_name, author_photo, genre_id) VALUES (7, 'Коныр тобы', 'images/konyr-toby.jpg', 2);
INSERT INTO author (id, author_name, author_photo, genre_id) VALUES (8, 'МузАрт', 'images/muzart-toby.jpg', 4);
INSERT INTO author (id, author_name, author_photo, genre_id) VALUES (13, 'Алашұлы Тобы', 'images/alashuly-toby.jpg', 4);
INSERT INTO author (id, author_name, author_photo, genre_id) VALUES (1, 'Құрмаш Махан', 'images/kurmash-mahan.jpg', 1);
INSERT INTO author (id, author_name, author_photo, genre_id) VALUES (3, 'Жигиттер тобы', 'images/zhigitter-kvarteti.jpg', 1);
INSERT INTO author (id, author_name, author_photo, genre_id) VALUES (4, 'Батырхан Шукенов', 'images/batyr.jpg', 1);
INSERT INTO author (id, author_name, author_photo, genre_id) VALUES (6, 'Orda', 'images/orda.jpg', 1);
INSERT INTO author (id, author_name, author_photo, genre_id) VALUES (12, 'Amre', 'images/amre.jpg', 1);
INSERT INTO author (id, author_name, author_photo, genre_id) VALUES (17, 'Мурат Абдилда', 'images/blank.jpg', 1);
INSERT INTO author (id, author_name, author_photo, genre_id) VALUES (11, 'Moldanazar', 'images/moldanazar.jpg', 1);
INSERT INTO author (id, author_name, author_photo, genre_id) VALUES (15, 'Alzabi', 'images/alzabi.jpg', 1);
INSERT INTO author (id, author_name, author_photo, genre_id) VALUES (18, 'Скриптонит', 'images/skriptonit.jpg', 5);
INSERT INTO author (id, author_name, author_photo, genre_id) VALUES (9, 'Ирина Кайратовна', 'images/irina-kajratovna.jpg', 5);
INSERT INTO author (id, author_name, author_photo, genre_id) VALUES (10, 'Santiz', 'images/blank.jpg', 5);
INSERT INTO author (id, author_name, author_photo, genre_id) VALUES (16, 'Shiza', 'images/shiza.jpg', 5);
INSERT INTO author (id, author_name, author_photo, genre_id) VALUES (5, 'Улытау', 'images/ulytau.jpg', 3);
INSERT INTO author (id, author_name, author_photo, genre_id) VALUES (14, 'Ninety One', 'images/ninety-one.jpg', 8);

INSERT INTO albums (id, album_title, album_img, author_id) VALUES (1, 'Әндер жинағы', 'images/ander-zhinagy.jpg', 1);
INSERT INTO albums (id, album_title, album_img, author_id) VALUES (2, 'Жыр жазамсын жүрегімнен', 'images/dos-mukasan.jpg', 2);
INSERT INTO albums (id, album_title, album_img, author_id) VALUES (3, 'Дос-Мукасан ансамблі', 'images/dos-mukasan.jpg', 2);
INSERT INTO albums (id, album_title, album_img, author_id) VALUES (4, 'Отан Ана', 'images/otan_ana.jpg', 4);
INSERT INTO albums (id, album_title, album_img, author_id) VALUES (5, 'ORDA Essentials', 'images/orda_essentials.jpg', 6);
INSERT INTO albums (id, album_title, album_img, author_id) VALUES (6, 'Әттен-ай', 'images/atten-aj.jpg', 8);
INSERT INTO albums (id, album_title, album_img, author_id) VALUES (7, 'Рахмет саған, туған ел!', 'images/rahmet-sagan-tugan-el.jpg', 8);
INSERT INTO albums (id, album_title, album_img, author_id) VALUES (8, 'Сенің көзің', 'images/senin-kozin.jpg', 8);
INSERT INTO albums (id, album_title, album_img, author_id) VALUES (9, 'Есіңе ал', 'images/esine-al.jpg', 8);
INSERT INTO albums (id, album_title, album_img, author_id) VALUES (10, '13 выпуск', 'images/13-vypusk.jpg', 9);
INSERT INTO albums (id, album_title, album_img, author_id) VALUES (11, '52 герца', 'images/52gersa.jpg', 10);
INSERT INTO albums (id, album_title, album_img, author_id) VALUES (12, 'Esimde Bári', 'images/esimde-bari.jpg', 11);
INSERT INTO albums (id, album_title, album_img, author_id) VALUES (13, 'Aıtarym Kóp', 'images/a-tarym-kop.jpeg', 11);
INSERT INTO albums (id, album_title, album_img, author_id) VALUES (14, 'Ajyptama', 'images/ajyptama.jpg', 14);
INSERT INTO albums (id, album_title, album_img, author_id) VALUES (15, 'Qarangy-zharyq', 'images/qarangy-zharyq.jpg', 14);
INSERT INTO albums (id, album_title, album_img, author_id) VALUES (16, 'Dopamine', 'images/dopamine.jpg', 14);
INSERT INTO albums (id, album_title, album_img, author_id) VALUES (17, 'Men-emes', 'images/men-emes.jpg', 14);
INSERT INTO albums (id, album_title, album_img, author_id) VALUES (18, '91-ep', 'images/91-ep.jpg', 14);
INSERT INTO albums (id, album_title, album_img, author_id) VALUES (19, 'Свела С Ума', 'images/svela-s-uma.jpg', 15);
INSERT INTO albums (id, album_title, album_img, author_id) VALUES (20, 'Свистки и бумажки', 'images/svistki-i-bumazhki.jpg', 18);
INSERT INTO albums (id, album_title, album_img, author_id) VALUES (21, '2004', 'images/2004.jpg', 18);
INSERT INTO albums (id, album_title, album_img, author_id) VALUES (22, 'Плохие привычки', 'images/plohie-privychki.jpeg', 18);
INSERT INTO albums (id, album_title, album_img, author_id) VALUES (23, 'THE GENETIC CODE', 'images/the-genetic-code.jpeg', 18);

INSERT INTO music (id, music_title, music_source, author_id, album_id, genre_id) VALUES (5, '16 кыз', 'https://tlgur.com/d/8nl7ZR3g', 2, 2, 2);
INSERT INTO music (id, music_title, music_source, author_id, album_id, genre_id) VALUES (6, 'Айголек', 'https://tlgur.com/d/GJvkEQxG', 2, 3, 2);
INSERT INTO music (id, music_title, music_source, author_id, album_id, genre_id) VALUES (7, 'Ак сиса', 'https://tlgur.com/d/GMxeEor8', 2, 3, 2);
INSERT INTO music (id, music_title, music_source, author_id, album_id, genre_id) VALUES (8, 'Алматы тунi', 'https://tlgur.com/d/4RmDE6eg', 2, 3, 2);
INSERT INTO music (id, music_title, music_source, author_id, album_id, genre_id) VALUES (9, 'Апиток', 'https://tlgur.com/d/GolVvj2g', 2, 3, 2);
INSERT INTO music (id, music_title, music_source, author_id, album_id, genre_id) VALUES (11, 'Ауылын сенин иргели', 'https://tlgur.com/d/GYY3JVDG', 2, 2, 2);
INSERT INTO music (id, music_title, music_source, author_id, album_id, genre_id) VALUES (12, 'Ахау бикем', 'https://tlgur.com/d/4Nq2EjEg', 2, 2, 2);
INSERT INTO music (id, music_title, music_source, author_id, album_id, genre_id) VALUES (13, 'Аяулым', 'https://tlgur.com/d/4qqP0R14', 2, 3, 2);
INSERT INTO music (id, music_title, music_source, author_id, album_id, genre_id) VALUES (14, 'Бойжеткен', 'https://tlgur.com/d/8QqVEJK8', 2, 2, 2);
INSERT INTO music (id, music_title, music_source, author_id, album_id, genre_id) VALUES (15, 'Гашыктар ані', 'https://tlgur.com/d/g0ZLxBk8', 2, 2, 2);
INSERT INTO music (id, music_title, music_source, author_id, album_id, genre_id) VALUES (16, 'Гул кала', 'https://tlgur.com/d/4x5jdlL8', 2, 3, 2);
INSERT INTO music (id, music_title, music_source, author_id, album_id, genre_id) VALUES (17, 'Дударай', 'https://tlgur.com/d/4kxeJ2w8', 2, 3, 2);
INSERT INTO music (id, music_title, music_source, author_id, album_id, genre_id) VALUES (18, 'Жайдарман', 'https://tlgur.com/d/g57L2N58', 2, 3, 2);
INSERT INTO music (id, music_title, music_source, author_id, album_id, genre_id) VALUES (19, 'Жанарым', 'https://tlgur.com/d/8BOLEmxG', 2, 3, 2);
INSERT INTO music (id, music_title, music_source, author_id, album_id, genre_id) VALUES (20, 'Жигит жыры', 'https://tlgur.com/d/8e0XJv24', 2, 2, 2);
INSERT INTO music (id, music_title, music_source, author_id, album_id, genre_id) VALUES (21, 'Жыр жазамын журегимнен', 'https://tlgur.com/d/g2XL5ea8', 2, 2, 2);
INSERT INTO music (id, music_title, music_source, author_id, album_id, genre_id) VALUES (22, 'Кайдасын', 'https://tlgur.com/d/GdXvEZAG', 2, 2, 2);
INSERT INTO music (id, music_title, music_source, author_id, album_id, genre_id) VALUES (23, 'Карангы тунде тау калгып', 'https://tlgur.com/d/G7BL7Nb8', 2, 3, 2);
INSERT INTO music (id, music_title, music_source, author_id, album_id, genre_id) VALUES (24, 'Козiмнiн карасы', 'https://tlgur.com/d/G7BL7Nb8', 2, 3, 2);
INSERT INTO music (id, music_title, music_source, author_id, album_id, genre_id) VALUES (25, 'Куа Бол', 'https://tlgur.com/d/G7BL7DM8', 2, 2, 2);
INSERT INTO music (id, music_title, music_source, author_id, album_id, genre_id) VALUES (26, 'Куанышым Менин', 'https://tlgur.com/d/GVqlEnx8', 2, 2, 2);
INSERT INTO music (id, music_title, music_source, author_id, album_id, genre_id) VALUES (27, 'Кыздар–Ай', 'https://tlgur.com/d/8DlLE9p8', 2, 3, 2);
INSERT INTO music (id, music_title, music_source, author_id, album_id, genre_id) VALUES (28, 'Ляйлiм шырак', 'https://tlgur.com/d/GPq7LKQg', 2, 2, 2);
INSERT INTO music (id, music_title, music_source, author_id, album_id, genre_id) VALUES (29, 'Махаббат', 'https://tlgur.com/d/4yqK7bX4', 2, 3, 2);
INSERT INTO music (id, music_title, music_source, author_id, album_id, genre_id) VALUES (30, 'Наз коныр', 'https://tlgur.com/d/gwq32rj8', 2, 2, 2);
INSERT INTO music (id, music_title, music_source, author_id, album_id, genre_id) VALUES (31, 'Не Пайда', 'https://tlgur.com/d/8l62JPLg', 2, 3, 2);
INSERT INTO music (id, music_title, music_source, author_id, album_id, genre_id) VALUES (32, 'Су тасушы кыз', 'https://tlgur.com/d/4zepVrKg', 2, 3, 2);
INSERT INTO music (id, music_title, music_source, author_id, album_id, genre_id) VALUES (33, 'Сулу кыз', 'https://tlgur.com/d/4AXLjP3g', 2, 2, 2);
INSERT INTO music (id, music_title, music_source, author_id, album_id, genre_id) VALUES (34, 'Той жыры', 'https://tlgur.com/d/g30LB9Y4', 2, 2, 2);
INSERT INTO music (id, music_title, music_source, author_id, album_id, genre_id) VALUES (35, 'Туган жер', 'https://tlgur.com/d/GolVvXbg', 2, 2, 2);
INSERT INTO music (id, music_title, music_source, author_id, album_id, genre_id) VALUES (36, 'Ты моя мечта', 'https://tlgur.com/d/89BLDy1G', 2, 3, 2);
INSERT INTO music (id, music_title, music_source, author_id, album_id, genre_id) VALUES (174, 'Есіне ал', 'https://tlgur.com/d/GL0BRWjG', 8, 9, 4);
INSERT INTO music (id, music_title, music_source, author_id, album_id, genre_id) VALUES (175, 'Жайлаукол кештері', 'https://tlgur.com/d/GOqdRWQ4', 8, 9, 4);
INSERT INTO music (id, music_title, music_source, author_id, album_id, genre_id) VALUES (176, 'Жалгыз досым', 'https://tlgur.com/d/GZ3jRWNg', 8, 6, 4);
INSERT INTO music (id, music_title, music_source, author_id, album_id, genre_id) VALUES (177, 'Жалын кешкен', 'https://tlgur.com/d/gvbA0pmg', 8, 9, 4);
INSERT INTO music (id, music_title, music_source, author_id, album_id, genre_id) VALUES (178, 'Жана жыл', 'https://tlgur.com/d/GXjARWo4', 8, 9, 4);
INSERT INTO music (id, music_title, music_source, author_id, album_id, genre_id) VALUES (179, 'Жаным жаным', 'https://tlgur.com/d/4AXLAW0g', 8, 9, 4);
INSERT INTO music (id, music_title, music_source, author_id, album_id, genre_id) VALUES (180, 'Желсиз тунде жарык ай', 'https://tlgur.com/d/g30LkQW4', 8, 9, 4);
INSERT INTO music (id, music_title, music_source, author_id, album_id, genre_id) VALUES (186, 'Кимадым неге', 'https://tlgur.com/d/gwq3xbW8', 8, 7, 4);
INSERT INTO music (id, music_title, music_source, author_id, album_id, genre_id) VALUES (187, 'Кузгі бак', 'https://tlgur.com/d/8l621Dlg', 8, 9, 4);
INSERT INTO music (id, music_title, music_source, author_id, album_id, genre_id) VALUES (188, 'Кыздар-ай', 'https://tlgur.com/d/4zepBn6g', 8, 9, 4);
INSERT INTO music (id, music_title, music_source, author_id, album_id, genre_id) VALUES (189, 'Маралдым', 'https://tlgur.com/d/gm6d1xw4', 8, 7, 4);
INSERT INTO music (id, music_title, music_source, author_id, album_id, genre_id) VALUES (190, 'Махаббат гулі солмайды', 'https://tlgur.com/d/GW1zRwl4', 8, 6, 4);
INSERT INTO music (id, music_title, music_source, author_id, album_id, genre_id) VALUES (191, 'Молдиреген Жанарын', 'https://tlgur.com/d/81vL0OzG', 8, 7, 4);
INSERT INTO music (id, music_title, music_source, author_id, album_id, genre_id) VALUES (192, 'Мумкін емес', 'https://tlgur.com/d/GENZL9Vg', 8, 9, 4);
INSERT INTO music (id, music_title, music_source, author_id, album_id, genre_id) VALUES (193, 'Не деген коркем едін', 'https://tlgur.com/d/GL0BRkXG', 8, 9, 4);
INSERT INTO music (id, music_title, music_source, author_id, album_id, genre_id) VALUES (194, 'Неге сени суйдим', 'https://tlgur.com/d/GOqdReb4', 8, 7, 4);
INSERT INTO music (id, music_title, music_source, author_id, album_id, genre_id) VALUES (195, 'Оз елим', 'https://tlgur.com/d/GZ3jRA9g', 8, 9, 4);
INSERT INTO music (id, music_title, music_source, author_id, album_id, genre_id) VALUES (196, 'Ол коктем оралмайды', 'https://tlgur.com/d/gvbA0Dog', 8, 7, 4);
INSERT INTO music (id, music_title, music_source, author_id, album_id, genre_id) VALUES (197, 'Рахмет саган туган ел', 'https://tlgur.com/d/GXjARlJ4', 8, 7, 4);
INSERT INTO music (id, music_title, music_source, author_id, album_id, genre_id) VALUES (198, 'Сагындым Алматымды', 'https://tlgur.com/d/g0ZLX7X8', 8, 8, 4);
INSERT INTO music (id, music_title, music_source, author_id, album_id, genre_id) VALUES (199, 'Сен келерсин', 'https://tlgur.com/d/GJvkRoaG', 8, 9, 4);
INSERT INTO music (id, music_title, music_source, author_id, album_id, genre_id) VALUES (200, 'Сенин козин', 'https://tlgur.com/d/GMxeLNx8', 8, 8, 4);
INSERT INTO music (id, music_title, music_source, author_id, album_id, genre_id) VALUES (201, 'Согады сен деп журегим', 'https://tlgur.com/d/4RmD9x6g', 8, 9, 4);
INSERT INTO music (id, music_title, music_source, author_id, album_id, genre_id) VALUES (202, 'Суйкимдим', 'https://tlgur.com/d/GolV1YXg', 8, 9, 4);
INSERT INTO music (id, music_title, music_source, author_id, album_id, genre_id) VALUES (203, 'Тамшылар', 'https://tlgur.com/d/89BL7P5G', 8, 7, 4);
INSERT INTO music (id, music_title, music_source, author_id, album_id, genre_id) VALUES (204, 'Тан сыры', 'https://tlgur.com/d/GYY3R7PG', 8, 6, 4);
INSERT INTO music (id, music_title, music_source, author_id, album_id, genre_id) VALUES (205, 'Толагай', 'https://tlgur.com/d/4Nq2RZvg', 8, 9, 4);
INSERT INTO music (id, music_title, music_source, author_id, album_id, genre_id) VALUES (1, 'Аңсарым', 'https://tlgur.com/d/GW1zENl4', 1, 1, 1);
INSERT INTO music (id, music_title, music_source, author_id, album_id, genre_id) VALUES (37, 'Сен ушин', 'https://tlgur.com/d/gpYDXP14', 3, NULL, 1);
INSERT INTO music (id, music_title, music_source, author_id, album_id, genre_id) VALUES (38, 'Ақ босаға', 'https://tlgur.com/d/GbZMJNyG', 3, NULL, 1);
INSERT INTO music (id, music_title, music_source, author_id, album_id, genre_id) VALUES (39, 'Ай каракөз', 'https://tlgur.com/d/GaxJRl78', 3, NULL, 1);
INSERT INTO music (id, music_title, music_source, author_id, album_id, genre_id) VALUES (40, 'Алга казак жігіттері', 'https://tlgur.com/d/4rqyx9Ng', 3, NULL, 1);
INSERT INTO music (id, music_title, music_source, author_id, album_id, genre_id) VALUES (78, 'Отан Ана', 'https://tlgur.com/d/G7BL7M28', 4, 4, 1);
INSERT INTO music (id, music_title, music_source, author_id, album_id, genre_id) VALUES (79, 'Аке', 'https://tlgur.com/d/GZ3jYZBg', 4, 4, 1);
INSERT INTO music (id, music_title, music_source, author_id, album_id, genre_id) VALUES (80, 'Аманат', 'https://tlgur.com/d/gvbAe5Bg', 4, 4, 1);
INSERT INTO music (id, music_title, music_source, author_id, album_id, genre_id) VALUES (81, 'Анажан', 'https://tlgur.com/d/GXjAJD24', 4, 4, 1);
INSERT INTO music (id, music_title, music_source, author_id, album_id, genre_id) VALUES (82, 'Бакыт Кушагында', 'https://tlgur.com/d/g0ZLxWj8', 4, 4, 1);
INSERT INTO music (id, music_title, music_source, author_id, album_id, genre_id) VALUES (83, 'Гул Алматы', 'https://tlgur.com/d/4x5jde98', 4, 4, 1);
INSERT INTO music (id, music_title, music_source, author_id, album_id, genre_id) VALUES (84, 'Қайран көңіл-ай', 'https://tlgur.com/d/4kxeJqQ8', 4, 4, 1);
INSERT INTO music (id, music_title, music_source, author_id, album_id, genre_id) VALUES (85, 'Кездесу', 'https://tlgur.com/d/g57L2VL8', 4, 4, 1);
INSERT INTO music (id, music_title, music_source, author_id, album_id, genre_id) VALUES (86, 'Наз коныр', 'https://tlgur.com/d/8BOLEldG', 4, 4, 1);
INSERT INTO music (id, music_title, music_source, author_id, album_id, genre_id) VALUES (87, 'Сагым дуние', 'https://tlgur.com/d/8e0XJMl4', 4, 4, 1);
INSERT INTO music (id, music_title, music_source, author_id, album_id, genre_id) VALUES (88, 'Сен Сулу', 'https://tlgur.com/d/4AXLjlvg', 4, 4, 1);
INSERT INTO music (id, music_title, music_source, author_id, album_id, genre_id) VALUES (89, 'Асем дуние', 'https://tlgur.com/d/g30LB6X4', 4, 4, 1);
INSERT INTO music (id, music_title, music_source, author_id, album_id, genre_id) VALUES (206, 'Тумарым', 'https://tlgur.com/d/4qqP1Zv4', 8, 9, 4);
INSERT INTO music (id, music_title, music_source, author_id, album_id, genre_id) VALUES (207, 'Улы дала', 'https://tlgur.com/d/8QqVR0Q8', 8, 9, 4);
INSERT INTO music (id, music_title, music_source, author_id, album_id, genre_id) VALUES (208, 'Уш коныр', 'https://tlgur.com/d/g6RLe7rg', 8, 8, 4);
INSERT INTO music (id, music_title, music_source, author_id, album_id, genre_id) VALUES (209, 'Шашбаулым', 'https://tlgur.com/d/GXjARdl4', 8, 9, 4);
INSERT INTO music (id, music_title, music_source, author_id, album_id, genre_id) VALUES (210, 'Ансар аним', 'https://tlgur.com/d/g0ZLXkk8', 8, 9, 4);
INSERT INTO music (id, music_title, music_source, author_id, album_id, genre_id) VALUES (211, 'Бир бакыт', 'https://tlgur.com/d/4x5jkBL8', 8, 9, 4);
INSERT INTO music (id, music_title, music_source, author_id, album_id, genre_id) VALUES (135, 'Айдай', 'https://tlgur.com/d/gj0BEB68', 7, NULL, 2);
INSERT INTO music (id, music_title, music_source, author_id, album_id, genre_id) VALUES (423, 'Выходные', 'https://tlgur.com/d/g57EAJN8', 18, 21, 5);
INSERT INTO music (id, music_title, music_source, author_id, album_id, genre_id) VALUES (424, 'Гастроли', 'https://tlgur.com/d/8BOd7Z9G', 18, 22, 5);
INSERT INTO music (id, music_title, music_source, author_id, album_id, genre_id) VALUES (425, 'Жить Как Я Живу', 'https://tlgur.com/d/8e0PxqN4', 18, 20, 5);
INSERT INTO music (id, music_title, music_source, author_id, album_id, genre_id) VALUES (426, 'Какие Новости', 'https://tlgur.com/d/g2XEwaM8', 18, NULL, 5);
INSERT INTO music (id, music_title, music_source, author_id, album_id, genre_id) VALUES (427, 'Карман', 'https://tlgur.com/d/GdXD0NrG', 18, 21, 5);
INSERT INTO music (id, music_title, music_source, author_id, album_id, genre_id) VALUES (428, 'Колеса 2', 'https://tlgur.com/d/G7BEZRM8', 18, 20, 5);
INSERT INTO music (id, music_title, music_source, author_id, album_id, genre_id) VALUES (429, 'Колёса', 'https://tlgur.com/d/GVqRd3x8', 18, 21, 5);
INSERT INTO music (id, music_title, music_source, author_id, album_id, genre_id) VALUES (430, 'Кэс', 'https://tlgur.com/d/8DlVDXp8', 18, NULL, 5);
INSERT INTO music (id, music_title, music_source, author_id, album_id, genre_id) VALUES (431, 'Маленькие Ублюдки', 'https://tlgur.com/d/GPqbxPQg', 18, NULL, 5);
INSERT INTO music (id, music_title, music_source, author_id, album_id, genre_id) VALUES (432, 'Мистер 718', 'https://tlgur.com/d/G7BEZb28', 18, NULL, 5);
INSERT INTO music (id, music_title, music_source, author_id, album_id, genre_id) VALUES (433, 'Москва любит', 'https://tlgur.com/d/GVqRdZ08', 18, 21, 5);
INSERT INTO music (id, music_title, music_source, author_id, album_id, genre_id) VALUES (434, 'Не надо меня узнавать', 'https://tlgur.com/d/8DlVDBO8', 18, NULL, 5);
INSERT INTO music (id, music_title, music_source, author_id, album_id, genre_id) VALUES (136, 'Айтайын', 'https://tlgur.com/d/8KX5R5vG', 7, NULL, 2);
INSERT INTO music (id, music_title, music_source, author_id, album_id, genre_id) VALUES (137, 'Алтын бесик', 'https://tlgur.com/d/gpYD1Dd4', 7, NULL, 2);
INSERT INTO music (id, music_title, music_source, author_id, album_id, genre_id) VALUES (138, 'Бала гашык', 'https://tlgur.com/d/GbZM1MEG', 7, NULL, 2);
INSERT INTO music (id, music_title, music_source, author_id, album_id, genre_id) VALUES (139, 'Дуние', 'https://tlgur.com/d/GaxJ1JZ8', 7, NULL, 2);
INSERT INTO music (id, music_title, music_source, author_id, album_id, genre_id) VALUES (140, 'Каракоз калкам', 'https://tlgur.com/d/4rqy1yxg', 7, NULL, 2);
INSERT INTO music (id, music_title, music_source, author_id, album_id, genre_id) VALUES (141, 'Кок ушкын', 'https://tlgur.com/d/8nl7171g', 7, NULL, 2);
INSERT INTO music (id, music_title, music_source, author_id, album_id, genre_id) VALUES (142, 'Нак нак', 'https://tlgur.com/d/GJvkRkyG', 7, NULL, 2);
INSERT INTO music (id, music_title, music_source, author_id, album_id, genre_id) VALUES (143, 'Шалабек', 'https://tlgur.com/d/GMxeLew8', 7, NULL, 2);
INSERT INTO music (id, music_title, music_source, author_id, album_id, genre_id) VALUES (144, 'Туган жер', 'https://tlgur.com/d/4RmD9D0g', 7, NULL, 2);
INSERT INTO music (id, music_title, music_source, author_id, album_id, genre_id) VALUES (145, 'Угай арман', 'https://tlgur.com/d/GENZLZyg', 7, NULL, 2);
INSERT INTO music (id, music_title, music_source, author_id, album_id, genre_id) VALUES (146, 'Коныр каз', 'https://tlgur.com/d/GL0BRBMG', 7, NULL, 2);
INSERT INTO music (id, music_title, music_source, author_id, album_id, genre_id) VALUES (147, 'Армандастар', 'https://tlgur.com/d/GOqdRdl4', 7, NULL, 2);
INSERT INTO music (id, music_title, music_source, author_id, album_id, genre_id) VALUES (148, 'Жана жыл', 'https://tlgur.com/d/GZ3jRjmg', 7, NULL, 2);
INSERT INTO music (id, music_title, music_source, author_id, album_id, genre_id) VALUES (91, 'Адай', 'https://tlgur.com/d/GW1zEkb4', 5, NULL, 3);
INSERT INTO music (id, music_title, music_source, author_id, album_id, genre_id) VALUES (92, 'Ата толгауы', 'https://tlgur.com/d/81vLkoWG', 5, NULL, 3);
INSERT INTO music (id, music_title, music_source, author_id, album_id, genre_id) VALUES (93, 'Кокил', 'https://tlgur.com/d/GENZE7Pg', 5, NULL, 3);
INSERT INTO music (id, music_title, music_source, author_id, album_id, genre_id) VALUES (94, 'Көңіл толқыны', 'https://tlgur.com/d/GL0BEJEG', 5, NULL, 3);
INSERT INTO music (id, music_title, music_source, author_id, album_id, genre_id) VALUES (95, 'Куришилер', 'https://tlgur.com/d/GOqdEwR4', 5, NULL, 3);
INSERT INTO music (id, music_title, music_source, author_id, album_id, genre_id) VALUES (96, 'Саранжап', 'https://tlgur.com/d/GZ3jYOBg', 5, NULL, 3);
INSERT INTO music (id, music_title, music_source, author_id, album_id, genre_id) VALUES (97, 'Теріскакпай', 'https://tlgur.com/d/gvbAe1Bg', 5, NULL, 3);
INSERT INTO music (id, music_title, music_source, author_id, album_id, genre_id) VALUES (98, 'Toccata and Fugue', 'https://tlgur.com/d/GXjAJ524', 5, NULL, 3);
INSERT INTO music (id, music_title, music_source, author_id, album_id, genre_id) VALUES (99, 'Турецкий марш', 'https://tlgur.com/d/g0ZLxrj8', 5, NULL, 3);
INSERT INTO music (id, music_title, music_source, author_id, album_id, genre_id) VALUES (100, 'Япыр-ай', 'https://tlgur.com/d/4x5jdb98', 5, NULL, 3);
INSERT INTO music (id, music_title, music_source, author_id, album_id, genre_id) VALUES (101, 'Жумыр-Кылыш', 'https://tlgur.com/d/4yqK7L34', 5, NULL, 3);
INSERT INTO music (id, music_title, music_source, author_id, album_id, genre_id) VALUES (102, 'Зима', 'https://tlgur.com/d/gwq32Dn8', 5, NULL, 3);
INSERT INTO music (id, music_title, music_source, author_id, album_id, genre_id) VALUES (149, 'Баскалардай емеспин', 'https://tlgur.com/d/GolV1bdg', 8, 9, 4);
INSERT INTO music (id, music_title, music_source, author_id, album_id, genre_id) VALUES (150, 'Аппагым', 'https://tlgur.com/d/89BL7vkG', 8, 9, 4);
INSERT INTO music (id, music_title, music_source, author_id, album_id, genre_id) VALUES (151, 'Арман кыз', 'https://tlgur.com/d/GYY3RXpG', 8, 9, 4);
INSERT INTO music (id, music_title, music_source, author_id, album_id, genre_id) VALUES (152, 'Астана', 'https://tlgur.com/d/4Nq2RKWg', 8, 9, 4);
INSERT INTO music (id, music_title, music_source, author_id, album_id, genre_id) VALUES (153, 'Гашыктык', 'https://tlgur.com/d/4qqP1r74', 8, 9, 4);
INSERT INTO music (id, music_title, music_source, author_id, album_id, genre_id) VALUES (154, 'Журегим сени ансаган', 'https://tlgur.com/d/8QqVR198', 8, 9, 4);
INSERT INTO music (id, music_title, music_source, author_id, album_id, genre_id) VALUES (155, 'Ким шыдайды', 'https://tlgur.com/d/g6RLe15g', 8, 9, 4);
INSERT INTO music (id, music_title, music_source, author_id, album_id, genre_id) VALUES (435, 'Не Прокашляешься', 'https://tlgur.com/d/GPqbxovg', 18, NULL, 5);
INSERT INTO music (id, music_title, music_source, author_id, album_id, genre_id) VALUES (436, 'Не твоё', 'https://tlgur.com/d/4yq0onD4', 18, 21, 5);
INSERT INTO music (id, music_title, music_source, author_id, album_id, genre_id) VALUES (437, 'Ниа', 'https://tlgur.com/d/gwqvop98', 18, NULL, 5);
INSERT INTO music (id, music_title, music_source, author_id, album_id, genre_id) VALUES (438, 'Одно и То Же', 'https://tlgur.com/d/8l6j7vQg', 18, NULL, 5);
INSERT INTO music (id, music_title, music_source, author_id, album_id, genre_id) VALUES (439, 'Ок, ок', 'https://tlgur.com/d/4zexmMpg', 18, 21, 5);
INSERT INTO music (id, music_title, music_source, author_id, album_id, genre_id) VALUES (440, 'Оттенки', 'https://tlgur.com/d/4AX2dv2g', 18, 20, 5);
INSERT INTO music (id, music_title, music_source, author_id, album_id, genre_id) VALUES (441, 'Положение', 'https://tlgur.com/d/g30Elwo4', 18, NULL, 5);
INSERT INTO music (id, music_title, music_source, author_id, album_id, genre_id) VALUES (442, 'Похвастаться', 'https://tlgur.com/d/4x5Xd698', 18, 21, 5);
INSERT INTO music (id, music_title, music_source, author_id, album_id, genre_id) VALUES (443, 'Прям с Утра', 'https://tlgur.com/d/4kx3JDQ8', 18, 20, 5);
INSERT INTO music (id, music_title, music_source, author_id, album_id, genre_id) VALUES (444, 'Рэп', 'https://tlgur.com/d/8BOdEzdG', 18, NULL, 5);
INSERT INTO music (id, music_title, music_source, author_id, album_id, genre_id) VALUES (445, 'Сердца из железа', 'https://tlgur.com/d/8e0PJel4', 18, 21, 5);
INSERT INTO music (id, music_title, music_source, author_id, album_id, genre_id) VALUES (446, 'Съебаться', 'https://tlgur.com/d/g2XE5vQ8', 18, 21, 5);
INSERT INTO music (id, music_title, music_source, author_id, album_id, genre_id) VALUES (447, 'Танцуй сама', 'https://tlgur.com/d/GdXDEoMG', 18, NULL, 5);
INSERT INTO music (id, music_title, music_source, author_id, album_id, genre_id) VALUES (448, 'Танцуй со мной в темноте', 'https://tlgur.com/d/G7BE75V8', 18, NULL, 5);
INSERT INTO music (id, music_title, music_source, author_id, album_id, genre_id) VALUES (449, 'Тем более два', 'https://tlgur.com/d/GVqREmj8', 18, 21, 5);
INSERT INTO music (id, music_title, music_source, author_id, album_id, genre_id) VALUES (450, 'Темно', 'https://tlgur.com/d/8DlVErP8', 18, NULL, 5);
INSERT INTO music (id, music_title, music_source, author_id, album_id, genre_id) VALUES (451, 'Ха-ха-ха', 'https://tlgur.com/d/GPqbLNYg', 18, 21, 5);
INSERT INTO music (id, music_title, music_source, author_id, album_id, genre_id) VALUES (452, 'Чистый', 'https://tlgur.com/d/gvbZezBg', 18, NULL, 5);
INSERT INTO music (id, music_title, music_source, author_id, album_id, genre_id) VALUES (453, 'Шуг', 'https://tlgur.com/d/GXjvJm24', 18, 21, 5);
INSERT INTO music (id, music_title, music_source, author_id, album_id, genre_id) VALUES (454, 'Это любовь', 'https://tlgur.com/d/g0ZExyj8', 18, NULL, 5);
INSERT INTO music (id, music_title, music_source, author_id, album_id, genre_id) VALUES (103, 'Alyp Ket', 'https://tlgur.com/d/g6RLe3qg', 6, 5, 1);
INSERT INTO music (id, music_title, music_source, author_id, album_id, genre_id) VALUES (104, 'Anіm', 'https://tlgur.com/d/gm6d1Vd4', 6, 5, 1);
INSERT INTO music (id, music_title, music_source, author_id, album_id, genre_id) VALUES (156, 'Сонген умит', 'https://tlgur.com/d/gm6d1ay4', 8, 9, 4);
INSERT INTO music (id, music_title, music_source, author_id, album_id, genre_id) VALUES (157, 'Автобустагы кыз', 'https://tlgur.com/d/GW1zR0B4', 8, 9, 4);
INSERT INTO music (id, music_title, music_source, author_id, album_id, genre_id) VALUES (158, 'Адеми', 'https://tlgur.com/d/81vL0MeG', 8, 9, 4);
INSERT INTO music (id, music_title, music_source, author_id, album_id, genre_id) VALUES (159, 'Ак когершин', 'https://tlgur.com/d/8BOL31bG', 8, 9, 4);
INSERT INTO music (id, music_title, music_source, author_id, album_id, genre_id) VALUES (160, 'Ак тилек', 'https://tlgur.com/d/8e0X1la4', 8, 9, 4);
INSERT INTO music (id, music_title, music_source, author_id, album_id, genre_id) VALUES (161, 'Аккулардын арманы', 'https://tlgur.com/d/g2XLxRd8', 8, 8, 4);
INSERT INTO music (id, music_title, music_source, author_id, album_id, genre_id) VALUES (162, 'Анага салем', 'https://tlgur.com/d/GdXv1wpG', 8, 6, 4);
INSERT INTO music (id, music_title, music_source, author_id, album_id, genre_id) VALUES (163, 'Аппак сенин тамагын', 'https://tlgur.com/d/G7BL21d8', 8, 6, 4);
INSERT INTO music (id, music_title, music_source, author_id, album_id, genre_id) VALUES (164, 'Аркашан жанымдасын', 'https://tlgur.com/d/GVqloX68', 8, 9, 4);
INSERT INTO music (id, music_title, music_source, author_id, album_id, genre_id) VALUES (165, 'Арман-ай', 'https://tlgur.com/d/8DlLK1D8', 8, 7, 4);
INSERT INTO music (id, music_title, music_source, author_id, album_id, genre_id) VALUES (166, 'Арнау', 'https://tlgur.com/d/GPq7R1Lg', 8, 9, 4);
INSERT INTO music (id, music_title, music_source, author_id, album_id, genre_id) VALUES (167, 'Аттен-ай', 'https://tlgur.com/d/4yqK5k54', 8, 6, 4);
INSERT INTO music (id, music_title, music_source, author_id, album_id, genre_id) VALUES (168, 'Бакыт кусым', 'https://tlgur.com/d/gwq3x0E8', 8, 9, 4);
INSERT INTO music (id, music_title, music_source, author_id, album_id, genre_id) VALUES (169, 'Бала гашык', 'https://tlgur.com/d/g6RLeQ5g', 8, 9, 4);
INSERT INTO music (id, music_title, music_source, author_id, album_id, genre_id) VALUES (170, 'Балауса', 'https://tlgur.com/d/gm6d1Py4', 8, 9, 4);
INSERT INTO music (id, music_title, music_source, author_id, album_id, genre_id) VALUES (171, 'Бар ма менин жазыгым', 'https://tlgur.com/d/GW1zRWB4', 8, 9, 4);
INSERT INTO music (id, music_title, music_source, author_id, album_id, genre_id) VALUES (172, 'Досым-ау', 'https://tlgur.com/d/81vL0QeG', 8, 9, 4);
INSERT INTO music (id, music_title, music_source, author_id, album_id, genre_id) VALUES (173, 'Еркеле', 'https://tlgur.com/d/GENZLWNg', 8, 7, 4);
INSERT INTO music (id, music_title, music_source, author_id, album_id, genre_id) VALUES (455, 'Як 2', 'https://tlgur.com/d/4x5Xdm98', 18, 21, 5);
INSERT INTO music (id, music_title, music_source, author_id, album_id, genre_id) VALUES (456, 'Як 3', 'https://tlgur.com/d/4kx3JzQ8', 18, 21, 5);
INSERT INTO music (id, music_title, music_source, author_id, album_id, genre_id) VALUES (457, 'Плохие привычки', 'https://tlgur.com/d/g57E2xL8', 18, 22, 5);
INSERT INTO music (id, music_title, music_source, author_id, album_id, genre_id) VALUES (458, 'Москва слезам не верит', 'https://tlgur.com/d/8BOdEwdG', 18, 22, 5);
INSERT INTO music (id, music_title, music_source, author_id, album_id, genre_id) VALUES (459, 'Эминэм', 'https://tlgur.com/d/8e0PJol4', 18, 22, 5);
INSERT INTO music (id, music_title, music_source, author_id, album_id, genre_id) VALUES (460, 'Цифры', 'https://tlgur.com/d/g2XE5AQ8', 18, 22, 5);
INSERT INTO music (id, music_title, music_source, author_id, album_id, genre_id) VALUES (461, 'Ступеньки', 'https://tlgur.com/d/GdXDEnMG', 18, 21, 5);
INSERT INTO music (id, music_title, music_source, author_id, album_id, genre_id) VALUES (462, 'Ты это серьезно', 'https://tlgur.com/d/gpYaX6p4', 18, 21, 5);
INSERT INTO music (id, music_title, music_source, author_id, album_id, genre_id) VALUES (463, 'Цепи', 'https://tlgur.com/d/GbZ7JmaG', 18, NULL, 5);
INSERT INTO music (id, music_title, music_source, author_id, album_id, genre_id) VALUES (464, 'Привычка', 'https://tlgur.com/d/GaxdRn68', 18, 21, 5);
INSERT INTO music (id, music_title, music_source, author_id, album_id, genre_id) VALUES (465, 'Рамок Нет', 'https://tlgur.com/d/8nlpZYeg', 18, 20, 5);
INSERT INTO music (id, music_title, music_source, author_id, album_id, genre_id) VALUES (466, 'Мама', 'https://tlgur.com/d/GJvzE7dG', 18, NULL, 5);
INSERT INTO music (id, music_title, music_source, author_id, album_id, genre_id) VALUES (467, 'В одного', 'https://tlgur.com/d/GMxjEdv8', 18, NULL, 5);
INSERT INTO music (id, music_title, music_source, author_id, album_id, genre_id) VALUES (468, 'Мебель', 'https://tlgur.com/d/4RmrEXEg', 18, 21, 5);
INSERT INTO music (id, music_title, music_source, author_id, album_id, genre_id) VALUES (469, 'Лепесток', 'https://tlgur.com/d/Golbve1g', 18, NULL, 5);
INSERT INTO music (id, music_title, music_source, author_id, album_id, genre_id) VALUES (470, '2 STEP', 'https://tlgur.com/d/89BvDRKG', 18, 23, 5);
INSERT INTO music (id, music_title, music_source, author_id, album_id, genre_id) VALUES (471, '7 DAYS', 'https://tlgur.com/d/GYYXJM0G', 18, 23, 5);
INSERT INTO music (id, music_title, music_source, author_id, album_id, genre_id) VALUES (472, 'BAG', 'https://tlgur.com/d/GMxjEAv8', 18, 23, 5);
INSERT INTO music (id, music_title, music_source, author_id, album_id, genre_id) VALUES (473, 'BOTH', 'https://tlgur.com/d/4RmrEaEg', 18, 23, 5);
INSERT INTO music (id, music_title, music_source, author_id, album_id, genre_id) VALUES (474, 'DENGI-BABKI', 'https://tlgur.com/d/Golbvz1g', 18, 23, 5);
INSERT INTO music (id, music_title, music_source, author_id, album_id, genre_id) VALUES (475, 'GIMME THE LOOP', 'https://tlgur.com/d/89BvDwKG', 18, 23, 5);
INSERT INTO music (id, music_title, music_source, author_id, album_id, genre_id) VALUES (476, 'ICUFMM', 'https://tlgur.com/d/GYYXJw0G', 18, 23, 5);
INSERT INTO music (id, music_title, music_source, author_id, album_id, genre_id) VALUES (477, 'ON ME', 'https://tlgur.com/d/4NqKEkag', 18, 23, 5);
INSERT INTO music (id, music_title, music_source, author_id, album_id, genre_id) VALUES (478, 'PARANOID', 'https://tlgur.com/d/4qqr0Yk4', 18, 23, 5);
INSERT INTO music (id, music_title, music_source, author_id, album_id, genre_id) VALUES (479, 'REMEMBER', 'https://tlgur.com/d/8QqaEej8', 18, 23, 5);
INSERT INTO music (id, music_title, music_source, author_id, album_id, genre_id) VALUES (480, 'TESLA', 'https://tlgur.com/d/g6REdYqg', 18, 23, 5);
INSERT INTO music (id, music_title, music_source, author_id, album_id, genre_id) VALUES (481, 'E.T.A', 'https://tlgur.com/d/gm6KL5d4', 18, 23, 5);
INSERT INTO music (id, music_title, music_source, author_id, album_id, genre_id) VALUES (482, 'BODY', 'https://tlgur.com/d/8nlpZlpg', 18, 23, 5);
INSERT INTO music (id, music_title, music_source, author_id, album_id, genre_id) VALUES (483, 'Gasoline', 'https://tlgur.com/d/GJvzEv1G', 18, NULL, 5);
INSERT INTO music (id, music_title, music_source, author_id, album_id, genre_id) VALUES (484, 'Nice Guy', 'https://tlgur.com/d/GMxjExW8', 18, NULL, 5);
INSERT INTO music (id, music_title, music_source, author_id, album_id, genre_id) VALUES (485, 'Spice Girls', 'https://tlgur.com/d/4RmrEm7g', 18, NULL, 5);
INSERT INTO music (id, music_title, music_source, author_id, album_id, genre_id) VALUES (486, 'Цифры', 'https://tlgur.com/d/GolbvlYg', 18, 22, 5);
INSERT INTO music (id, music_title, music_source, author_id, album_id, genre_id) VALUES (487, 'Baby mama', 'https://tlgur.com/d/89BvDBOG', 18, NULL, 5);
INSERT INTO music (id, music_title, music_source, author_id, album_id, genre_id) VALUES (181, 'Жубайлар жыры', 'https://tlgur.com/d/gj0BE7O8', 8, 9, 4);
INSERT INTO music (id, music_title, music_source, author_id, album_id, genre_id) VALUES (182, 'Кім кіналі', 'https://tlgur.com/d/GVqloWX8', 8, 9, 4);
INSERT INTO music (id, music_title, music_source, author_id, album_id, genre_id) VALUES (183, 'Казак ели', 'https://tlgur.com/d/8DlLKWW8', 8, 9, 4);
INSERT INTO music (id, music_title, music_source, author_id, album_id, genre_id) VALUES (184, 'Кайран коніл', 'https://tlgur.com/d/GPq7RW2g', 8, 9, 4);
INSERT INTO music (id, music_title, music_source, author_id, album_id, genre_id) VALUES (185, 'Кешір мені', 'https://tlgur.com/d/4yqK5re4', 8, 9, 4);
INSERT INTO music (id, music_title, music_source, author_id, album_id, genre_id) VALUES (223, '2+2', 'https://tlgur.com/d/GdXv1yrG', 9, 10, 5);
INSERT INTO music (id, music_title, music_source, author_id, album_id, genre_id) VALUES (224, '5000', 'https://tlgur.com/d/G7BL2eM8', 9, 10, 5);
INSERT INTO music (id, music_title, music_source, author_id, album_id, genre_id) VALUES (225, 'Arriva', 'https://tlgur.com/d/GVqlovx8', 9, 10, 5);
INSERT INTO music (id, music_title, music_source, author_id, album_id, genre_id) VALUES (226, 'MVP', 'https://tlgur.com/d/8DlLKjp8', 9, 10, 5);
INSERT INTO music (id, music_title, music_source, author_id, album_id, genre_id) VALUES (227, 'NE ANGIME', 'https://tlgur.com/d/GPq7RYQg', 9, NULL, 5);
INSERT INTO music (id, music_title, music_source, author_id, album_id, genre_id) VALUES (228, 'Outro', 'https://tlgur.com/d/4yqK5QX4', 9, 10, 5);
INSERT INTO music (id, music_title, music_source, author_id, album_id, genre_id) VALUES (229, 'Popdog', 'https://tlgur.com/d/gwq3xNj8', 9, 10, 5);
INSERT INTO music (id, music_title, music_source, author_id, album_id, genre_id) VALUES (230, 'Troubleshooter', 'https://tlgur.com/d/8l621pLg', 9, 10, 5);
INSERT INTO music (id, music_title, music_source, author_id, album_id, genre_id) VALUES (231, 'Wu-Kang', 'https://tlgur.com/d/4zepB6Kg', 9, 10, 5);
INSERT INTO music (id, music_title, music_source, author_id, album_id, genre_id) VALUES (232, 'Аға', 'https://tlgur.com/d/4AXLAz3g', 9, 10, 5);
INSERT INTO music (id, music_title, music_source, author_id, album_id, genre_id) VALUES (233, 'Алаш', 'https://tlgur.com/d/GZ3jRJdg', 9, 10, 5);
INSERT INTO music (id, music_title, music_source, author_id, album_id, genre_id) VALUES (234, 'Балуюсь', 'https://tlgur.com/d/gvbA0lzg', 9, 10, 5);
INSERT INTO music (id, music_title, music_source, author_id, album_id, genre_id) VALUES (235, 'Биач', 'https://tlgur.com/d/GXjARre4', 9, 10, 5);
INSERT INTO music (id, music_title, music_source, author_id, album_id, genre_id) VALUES (236, 'Гр-чик', 'https://tlgur.com/d/g0ZLXa98', 9, 10, 5);
INSERT INTO music (id, music_title, music_source, author_id, album_id, genre_id) VALUES (237, 'Джай', 'https://tlgur.com/d/4x5jkA78', 9, 10, 5);
INSERT INTO music (id, music_title, music_source, author_id, album_id, genre_id) VALUES (238, 'Дисс e селф', 'https://tlgur.com/d/4kxe15x8', 9, 10, 5);
INSERT INTO music (id, music_title, music_source, author_id, album_id, genre_id) VALUES (239, 'Интро', 'https://tlgur.com/d/g57LBRN8', 9, 10, 5);
INSERT INTO music (id, music_title, music_source, author_id, album_id, genre_id) VALUES (240, 'Кеттік', 'https://tlgur.com/d/8BOL3x9G', 9, NULL, 5);
INSERT INTO music (id, music_title, music_source, author_id, album_id, genre_id) VALUES (241, 'Молодежь', 'https://tlgur.com/d/8e0X1ZN4', 9, 10, 5);
INSERT INTO music (id, music_title, music_source, author_id, album_id, genre_id) VALUES (242, 'Отыздан асып барамын', 'https://tlgur.com/d/g2XLxnM8', 9, NULL, 5);
INSERT INTO music (id, music_title, music_source, author_id, album_id, genre_id) VALUES (243, 'Папочка', 'https://tlgur.com/d/4rqy1ONg', 9, 10, 5);
INSERT INTO music (id, music_title, music_source, author_id, album_id, genre_id) VALUES (244, 'Посылочка', 'https://tlgur.com/d/8nl712Xg', 9, 10, 5);
INSERT INTO music (id, music_title, music_source, author_id, album_id, genre_id) VALUES (245, 'Сабзиро', 'https://tlgur.com/d/GJvkRVPG', 9, 10, 5);
INSERT INTO music (id, music_title, music_source, author_id, album_id, genre_id) VALUES (246, 'Секс Смех Смерть', 'https://tlgur.com/d/GMxeLyk8', 9, 10, 5);
INSERT INTO music (id, music_title, music_source, author_id, album_id, genre_id) VALUES (247, 'Халат', 'https://tlgur.com/d/4RmD93Dg', 9, 10, 5);
INSERT INTO music (id, music_title, music_source, author_id, album_id, genre_id) VALUES (248, 'Kok tu', 'https://tlgur.com/d/GolV1dbg', 9, 10, 5);
INSERT INTO music (id, music_title, music_source, author_id, album_id, genre_id) VALUES (249, 'No pasaran', 'https://tlgur.com/d/8QqaBPe8', 10, 11, 5);
INSERT INTO music (id, music_title, music_source, author_id, album_id, genre_id) VALUES (250, 'Rastafari', 'https://tlgur.com/d/g6REw5Rg', 10, NULL, 5);
INSERT INTO music (id, music_title, music_source, author_id, album_id, genre_id) VALUES (251, 'TGG', 'https://tlgur.com/d/gm6K9Y24', 10, 11, 5);
INSERT INTO music (id, music_title, music_source, author_id, album_id, genre_id) VALUES (252, 'Дай пять дорогой', 'https://tlgur.com/d/GW1ZDdJ4', 10, NULL, 5);
INSERT INTO music (id, music_title, music_source, author_id, album_id, genre_id) VALUES (253, 'Забытый бала', 'https://tlgur.com/d/81vE7ZaG', 10, 11, 5);
INSERT INTO music (id, music_title, music_source, author_id, album_id, genre_id) VALUES (254, 'Лечу', 'https://tlgur.com/d/GENDopag', 10, NULL, 5);
INSERT INTO music (id, music_title, music_source, author_id, album_id, genre_id) VALUES (255, 'Маленький мир', 'https://tlgur.com/d/GL03XN2G', 10, NULL, 5);
INSERT INTO music (id, music_title, music_source, author_id, album_id, genre_id) VALUES (256, 'Моей Семье', 'https://tlgur.com/d/GOqpkVK4', 10, NULL, 5);
INSERT INTO music (id, music_title, music_source, author_id, album_id, genre_id) VALUES (257, 'Музе', 'https://tlgur.com/d/GZ30w1Og', 10, 11, 5);
INSERT INTO music (id, music_title, music_source, author_id, album_id, genre_id) VALUES (258, 'Нимфоманка', 'https://tlgur.com/d/gvbZKzRg', 10, NULL, 5);
INSERT INTO music (id, music_title, music_source, author_id, album_id, genre_id) VALUES (259, 'По местам', 'https://tlgur.com/d/4x5XKm98', 10, NULL, 5);
INSERT INTO music (id, music_title, music_source, author_id, album_id, genre_id) VALUES (260, 'Подойди поближе', 'https://tlgur.com/d/4kx39zQ8', 10, NULL, 5);
INSERT INTO music (id, music_title, music_source, author_id, album_id, genre_id) VALUES (261, 'Послушай меня Кайфуша, не надо лить чушь мне в уши', 'https://tlgur.com/d/g57EyxL8', 10, NULL, 5);
INSERT INTO music (id, music_title, music_source, author_id, album_id, genre_id) VALUES (262, 'Проблема не во мне', 'https://tlgur.com/d/8BOdowdG', 10, NULL, 5);
INSERT INTO music (id, music_title, music_source, author_id, album_id, genre_id) VALUES (263, 'Я убит', 'https://tlgur.com/d/8e0PEol4', 10, NULL, 5);
INSERT INTO music (id, music_title, music_source, author_id, album_id, genre_id) VALUES (212, 'Досыма', 'https://tlgur.com/d/4kxe1Mw8', 8, 9, 4);
INSERT INTO music (id, music_title, music_source, author_id, album_id, genre_id) VALUES (213, 'Озгердим', 'https://tlgur.com/d/g57LBd58', 8, 9, 4);
INSERT INTO music (id, music_title, music_source, author_id, album_id, genre_id) VALUES (214, 'Сен касымда болмасан', 'https://tlgur.com/d/8BOL3pxG', 8, 9, 4);
INSERT INTO music (id, music_title, music_source, author_id, album_id, genre_id) VALUES (215, 'Алтынынм', 'https://tlgur.com/d/8e0X1p24', 8, 9, 4);
INSERT INTO music (id, music_title, music_source, author_id, album_id, genre_id) VALUES (216, 'Ансау', 'https://tlgur.com/d/g2XLxBa8', 8, 9, 4);
INSERT INTO music (id, music_title, music_source, author_id, album_id, genre_id) VALUES (217, 'Дарига-ай', 'https://tlgur.com/d/GdXv1KAG', 8, 9, 4);
INSERT INTO music (id, music_title, music_source, author_id, album_id, genre_id) VALUES (218, 'Женешем', 'https://tlgur.com/d/G7BL2Vb8', 8, 9, 4);
INSERT INTO music (id, music_title, music_source, author_id, album_id, genre_id) VALUES (219, 'Мен сені суйемін', 'https://tlgur.com/d/GbZM1YxG', 8, 9, 4);
INSERT INTO music (id, music_title, music_source, author_id, album_id, genre_id) VALUES (220, 'О менин журегим', 'https://tlgur.com/d/GaxJ19N8', 8, 9, 4);
INSERT INTO music (id, music_title, music_source, author_id, album_id, genre_id) VALUES (221, 'Унатпашы озгені', 'https://tlgur.com/d/4rqy1Wwg', 8, 9, 4);
INSERT INTO music (id, music_title, music_source, author_id, album_id, genre_id) VALUES (222, 'Сагынамын', 'https://tlgur.com/d/8nl71W3g', 8, 9, 4);
INSERT INTO music (id, music_title, music_source, author_id, album_id, genre_id) VALUES (313, 'Абай-Гималай', 'https://tlgur.com/d/4RmreZyg', 13, NULL, 4);
INSERT INTO music (id, music_title, music_source, author_id, album_id, genre_id) VALUES (314, 'Алға', 'https://tlgur.com/d/GolbKk6g', 13, NULL, 4);
INSERT INTO music (id, music_title, music_source, author_id, album_id, genre_id) VALUES (315, 'Ауыл-бай', 'https://tlgur.com/d/89BvoMnG', 13, NULL, 4);
INSERT INTO music (id, music_title, music_source, author_id, album_id, genre_id) VALUES (316, 'Биіктік', 'https://tlgur.com/d/GYYXyBNG', 13, NULL, 4);
INSERT INTO music (id, music_title, music_source, author_id, album_id, genre_id) VALUES (317, 'Бізбен бірге', 'https://tlgur.com/d/4NqKxYxg', 13, NULL, 4);
INSERT INTO music (id, music_title, music_source, author_id, album_id, genre_id) VALUES (318, 'Гиккәй', 'https://tlgur.com/d/4qqr6BO4', 13, NULL, 4);
INSERT INTO music (id, music_title, music_source, author_id, album_id, genre_id) VALUES (319, 'Заман-ай', 'https://tlgur.com/d/8QqaBQl8', 13, NULL, 4);
INSERT INTO music (id, music_title, music_source, author_id, album_id, genre_id) VALUES (320, 'Көкпар', 'https://tlgur.com/d/g6REwN3g', 13, NULL, 4);
INSERT INTO music (id, music_title, music_source, author_id, album_id, genre_id) VALUES (321, 'Қазақпын', 'https://tlgur.com/d/gm6K9OL4', 13, NULL, 4);
INSERT INTO music (id, music_title, music_source, author_id, album_id, genre_id) VALUES (322, 'Қашағанның тойбастары', 'https://tlgur.com/d/GW1ZDkR4', 13, NULL, 4);
INSERT INTO music (id, music_title, music_source, author_id, album_id, genre_id) VALUES (323, 'Пай-пай-пай', 'https://tlgur.com/d/GdXDp5yG', 13, NULL, 4);
INSERT INTO music (id, music_title, music_source, author_id, album_id, genre_id) VALUES (324, 'Тұрмағамбеттің тәлімі', 'https://tlgur.com/d/G7BElP98', 13, NULL, 4);
INSERT INTO music (id, music_title, music_source, author_id, album_id, genre_id) VALUES (325, 'Қайда жүрсем Қазақпын', 'https://tlgur.com/d/GZ30wOmg', 13, NULL, 4);
INSERT INTO music (id, music_title, music_source, author_id, album_id, genre_id) VALUES (405, 'Одну дверь', 'https://tlgur.com/d/8QqakwQ8', 18, NULL, 5);
INSERT INTO music (id, music_title, music_source, author_id, album_id, genre_id) VALUES (406, 'Ламбада', 'https://tlgur.com/d/g6RE3arg', 18, NULL, 5);
INSERT INTO music (id, music_title, music_source, author_id, album_id, genre_id) VALUES (407, 'Ронин', 'https://tlgur.com/d/gm6KVWw4', 18, NULL, 5);
INSERT INTO music (id, music_title, music_source, author_id, album_id, genre_id) VALUES (408, 'Молодость', 'https://tlgur.com/d/GW1Z7Kl4', 18, NULL, 5);
INSERT INTO music (id, music_title, music_source, author_id, album_id, genre_id) VALUES (409, 'Рай.он', 'https://tlgur.com/d/81vEy3zG', 18, NULL, 5);
INSERT INTO music (id, music_title, music_source, author_id, album_id, genre_id) VALUES (410, 'Имя', 'https://tlgur.com/d/GENDPxVg', 18, 22, 5);
INSERT INTO music (id, music_title, music_source, author_id, album_id, genre_id) VALUES (411, 'Туда-обратно', 'https://tlgur.com/d/GL03Z7XG', 18, 22, 5);
INSERT INTO music (id, music_title, music_source, author_id, album_id, genre_id) VALUES (412, 'Prescription', 'https://tlgur.com/d/GOqp0ab4', 18, 22, 5);
INSERT INTO music (id, music_title, music_source, author_id, album_id, genre_id) VALUES (413, 'Кейс', 'https://tlgur.com/d/GZ30PQ9g', 18, NULL, 5);
INSERT INTO music (id, music_title, music_source, author_id, album_id, genre_id) VALUES (414, 'GUAPA', 'https://tlgur.com/d/gvbZonog', 18, NULL, 5);
INSERT INTO music (id, music_title, music_source, author_id, album_id, genre_id) VALUES (415, 'Женщины', 'https://tlgur.com/d/GXjvVNJ4', 18, NULL, 5);
INSERT INTO music (id, music_title, music_source, author_id, album_id, genre_id) VALUES (416, 'Высота', 'https://tlgur.com/d/g0ZEPoX8', 18, NULL, 5);
INSERT INTO music (id, music_title, music_source, author_id, album_id, genre_id) VALUES (417, '. инсту', 'https://tlgur.com/d/4x5XoME8', 18, 21, 5);
INSERT INTO music (id, music_title, music_source, author_id, album_id, genre_id) VALUES (418, '16', 'https://tlgur.com/d/4kx3dwj8', 18, 20, 5);
INSERT INTO music (id, music_title, music_source, author_id, album_id, genre_id) VALUES (419, 'INEEDU', 'https://tlgur.com/d/g57EAQZ8', 18, NULL, 5);
INSERT INTO music (id, music_title, music_source, author_id, album_id, genre_id) VALUES (420, 'Будьте здоровы', 'https://tlgur.com/d/8BOd7V6G', 18, NULL, 5);
INSERT INTO music (id, music_title, music_source, author_id, album_id, genre_id) VALUES (421, 'Бэлмэйн', 'https://tlgur.com/d/8e0PxdD4', 18, 20, 5);
INSERT INTO music (id, music_title, music_source, author_id, album_id, genre_id) VALUES (422, 'Веселей', 'https://tlgur.com/d/4kx3dZx8', 18, NULL, 5);
INSERT INTO music (id, music_title, music_source, author_id, album_id, genre_id) VALUES (326, 'Ah Yah Mah', 'https://tlgur.com/d/gm6K9rx4', 14, 15, NULL);
INSERT INTO music (id, music_title, music_source, author_id, album_id, genre_id) VALUES (327, 'ALL I NEED', 'https://tlgur.com/d/GW1ZDr24', 14, 16, NULL);
INSERT INTO music (id, music_title, music_source, author_id, album_id, genre_id) VALUES (328, 'Bari Biled', 'https://tlgur.com/d/81vE7J3G', 14, 17, NULL);
INSERT INTO music (id, music_title, music_source, author_id, album_id, genre_id) VALUES (329, 'Boyman', 'https://tlgur.com/d/GENDomyg', 14, 16, NULL);
INSERT INTO music (id, music_title, music_source, author_id, album_id, genre_id) VALUES (330, 'DARN', 'https://tlgur.com/d/GL03XnMG', 14, NULL, NULL);
INSERT INTO music (id, music_title, music_source, author_id, album_id, genre_id) VALUES (331, 'E.YEAH', 'https://tlgur.com/d/GOqpkrl4', 14, 16, NULL);
INSERT INTO music (id, music_title, music_source, author_id, album_id, genre_id) VALUES (332, 'Jurek', 'https://tlgur.com/d/GZ30wrmg', 14, NULL, NULL);
INSERT INTO music (id, music_title, music_source, author_id, album_id, genre_id) VALUES (333, 'Koilek', 'https://tlgur.com/d/gvbZKR7g', 14, 17, NULL);
INSERT INTO music (id, music_title, music_source, author_id, album_id, genre_id) VALUES (334, 'Lady', 'https://tlgur.com/d/GXjvPYB4', 14, NULL, NULL);
INSERT INTO music (id, music_title, music_source, author_id, album_id, genre_id) VALUES (335, 'Lie', 'https://tlgur.com/d/g0ZEOld8', 14, NULL, NULL);
INSERT INTO music (id, music_title, music_source, author_id, album_id, genre_id) VALUES (336, 'Lya', 'https://tlgur.com/d/81vE72eG', 14, 15, NULL);
INSERT INTO music (id, music_title, music_source, author_id, album_id, genre_id) VALUES (337, 'Men Emes', 'https://tlgur.com/d/GENDoVNg', 14, 17, NULL);
INSERT INTO music (id, music_title, music_source, author_id, album_id, genre_id) VALUES (338, 'Nice Weather', 'https://tlgur.com/d/GL03XzjG', 14, 18, NULL);
INSERT INTO music (id, music_title, music_source, author_id, album_id, genre_id) VALUES (339, 'O_o', 'https://tlgur.com/d/GOqpkmQ4', 14, 15, NULL);
INSERT INTO music (id, music_title, music_source, author_id, album_id, genre_id) VALUES (340, 'Oinamaqo', 'https://tlgur.com/d/GZ30wMNg', 14, 18, NULL);
INSERT INTO music (id, music_title, music_source, author_id, album_id, genre_id) VALUES (341, 'Olar', 'https://tlgur.com/d/gvbZKLmg', 14, 17, NULL);
INSERT INTO music (id, music_title, music_source, author_id, album_id, genre_id) VALUES (342, 'Qiyalman', 'https://tlgur.com/d/GXjvPzo4', 14, NULL, NULL);
INSERT INTO music (id, music_title, music_source, author_id, album_id, genre_id) VALUES (343, 'Señorita', 'https://tlgur.com/d/g0ZEOeW8', 14, 18, NULL);
INSERT INTO music (id, music_title, music_source, author_id, album_id, genre_id) VALUES (344, 'Shyda', 'https://tlgur.com/d/4x5XKnb8', 14, 18, NULL);
INSERT INTO music (id, music_title, music_source, author_id, album_id, genre_id) VALUES (345, 'Su Asty', 'https://tlgur.com/d/4kx396n8', 14, 15, NULL);
INSERT INTO music (id, music_title, music_source, author_id, album_id, genre_id) VALUES (346, 'Why m', 'https://tlgur.com/d/8KXAvzQG', 14, 16, NULL);
INSERT INTO music (id, music_title, music_source, author_id, album_id, genre_id) VALUES (347, 'Айыптама', 'https://tlgur.com/d/gpYaKm24', 14, 14, NULL);
INSERT INTO music (id, music_title, music_source, author_id, album_id, genre_id) VALUES (348, 'Баяу', 'https://tlgur.com/d/GbZ7ppRG', 14, 15, NULL);
INSERT INTO music (id, music_title, music_source, author_id, album_id, genre_id) VALUES (349, 'Бүгінгі күннен', 'https://tlgur.com/d/GaxdppW8', 14, 15, NULL);
INSERT INTO music (id, music_title, music_source, author_id, album_id, genre_id) VALUES (350, 'Ескі таспа биі', 'https://tlgur.com/d/4rqn66zg', 14, 15, NULL);
INSERT INTO music (id, music_title, music_source, author_id, album_id, genre_id) VALUES (351, 'Жаңа жыл', 'https://tlgur.com/d/8nlpJJYg', 14, NULL, NULL);
INSERT INTO music (id, music_title, music_source, author_id, album_id, genre_id) VALUES (352, 'Кайырлы тун', 'https://tlgur.com/d/GJvzZZaG', 14, 14, NULL);
INSERT INTO music (id, music_title, music_source, author_id, album_id, genre_id) VALUES (353, 'Қайтадан', 'https://tlgur.com/d/GMxj00x8', 14, 14, NULL);
INSERT INTO music (id, music_title, music_source, author_id, album_id, genre_id) VALUES (354, 'Қалай қарайсың', 'https://tlgur.com/d/4Rmree6g', 14, 14, NULL);
INSERT INTO music (id, music_title, music_source, author_id, album_id, genre_id) VALUES (355, 'Мұз', 'https://tlgur.com/d/GolbKKXg', 14, 15, NULL);
INSERT INTO music (id, music_title, music_source, author_id, album_id, genre_id) VALUES (356, 'Сау', 'https://tlgur.com/d/GL03XXXG', 14, 15, NULL);
INSERT INTO music (id, music_title, music_source, author_id, album_id, genre_id) VALUES (357, 'У', 'https://tlgur.com/d/GOqpkkb4', 14, NULL, NULL);
INSERT INTO music (id, music_title, music_source, author_id, album_id, genre_id) VALUES (358, 'У', 'https://tlgur.com/d/GZ30ww9g', 14, NULL, NULL);
INSERT INTO music (id, music_title, music_source, author_id, album_id, genre_id) VALUES (359, 'М.Б.Б.Ә.Б.Б.Д', 'https://tlgur.com/d/gvbZKKog', 14, 15, NULL);
INSERT INTO music (id, music_title, music_source, author_id, album_id, genre_id) VALUES (360, 'Taboo', 'https://tlgur.com/d/GXjvPPJ4', 14, NULL, NULL);
INSERT INTO music (id, music_title, music_source, author_id, album_id, genre_id) VALUES (303, 'My Dunya', 'https://tlgur.com/d/GZ30wZXg', 12, NULL, 1);
INSERT INTO music (id, music_title, music_source, author_id, album_id, genre_id) VALUES (304, 'Suimedin', 'https://tlgur.com/d/gvbZK5Qg', 12, NULL, 1);
INSERT INTO music (id, music_title, music_source, author_id, album_id, genre_id) VALUES (305, 'Жылтыр Көйлек', 'https://tlgur.com/d/GXjvPDA4', 12, NULL, 1);
INSERT INTO music (id, music_title, music_source, author_id, album_id, genre_id) VALUES (306, 'Сен көріктісің', 'https://tlgur.com/d/g0ZEOWE8', 12, NULL, 1);
INSERT INTO music (id, music_title, music_source, author_id, album_id, genre_id) VALUES (307, 'Шаштары', 'https://tlgur.com/d/4x5XKex8', 12, NULL, 1);
INSERT INTO music (id, music_title, music_source, author_id, album_id, genre_id) VALUES (308, 'Sezim alapaty', 'https://tlgur.com/d/4kx39qV8', 12, NULL, 1);
INSERT INTO music (id, music_title, music_source, author_id, album_id, genre_id) VALUES (309, 'Царица', 'https://tlgur.com/d/g57EyVw8', 12, NULL, 1);
INSERT INTO music (id, music_title, music_source, author_id, album_id, genre_id) VALUES (310, 'Birge', 'https://tlgur.com/d/8BOdolpG', 12, NULL, 1);
INSERT INTO music (id, music_title, music_source, author_id, album_id, genre_id) VALUES (311, 'Sen gana', 'https://tlgur.com/d/8e0PEMW4', 12, NULL, 1);
INSERT INTO music (id, music_title, music_source, author_id, album_id, genre_id) VALUES (312, 'Tabylam qasyńnan', 'https://tlgur.com/d/g2XEV6Y8', 12, NULL, 1);
INSERT INTO music (id, music_title, music_source, author_id, album_id, genre_id) VALUES (361, '1503', 'https://tlgur.com/d/4yq0ok24', 15, 19, 1);
INSERT INTO music (id, music_title, music_source, author_id, album_id, genre_id) VALUES (362, 'Whatsapp', 'https://tlgur.com/d/gwqvo0D8', 15, 19, 1);
INSERT INTO music (id, music_title, music_source, author_id, album_id, genre_id) VALUES (363, 'Байрағым', 'https://tlgur.com/d/8l6j7brg', 15, NULL, 1);
INSERT INTO music (id, music_title, music_source, author_id, album_id, genre_id) VALUES (364, 'В Манерах', 'https://tlgur.com/d/4zexm5Jg', 15, 19, 1);
INSERT INTO music (id, music_title, music_source, author_id, album_id, genre_id) VALUES (365, 'Қамажай', 'https://tlgur.com/d/4AX2dEbg', 15, NULL, 1);
INSERT INTO music (id, music_title, music_source, author_id, album_id, genre_id) VALUES (373, 'Shym', 'https://tlgur.com/d/8BOd7WbG', 16, NULL, 5);
INSERT INTO music (id, music_title, music_source, author_id, album_id, genre_id) VALUES (374, 'Terbel', 'https://tlgur.com/d/8e0Px5a4', 16, NULL, 5);
INSERT INTO music (id, music_title, music_source, author_id, album_id, genre_id) VALUES (375, 'Janyma kel', 'https://tlgur.com/d/g2XEwQd8', 16, NULL, 5);
INSERT INTO music (id, music_title, music_source, author_id, album_id, genre_id) VALUES (376, 'Koka', 'https://tlgur.com/d/GdXD0kpG', 16, NULL, 5);
INSERT INTO music (id, music_title, music_source, author_id, album_id, genre_id) VALUES (377, 'Uade', 'https://tlgur.com/d/G7BEZQd8', 16, NULL, 5);
INSERT INTO music (id, music_title, music_source, author_id, album_id, genre_id) VALUES (378, 'Kõk tu', 'https://tlgur.com/d/GVqRdW68', 16, NULL, 5);
INSERT INTO music (id, music_title, music_source, author_id, album_id, genre_id) VALUES (379, 'Жаныма кел', 'https://tlgur.com/d/8DlVDWD8', 16, NULL, 5);
INSERT INTO music (id, music_title, music_source, author_id, album_id, genre_id) VALUES (392, 'Не Жаль', 'https://tlgur.com/d/GW1Z72B4', 18, NULL, 5);
INSERT INTO music (id, music_title, music_source, author_id, album_id, genre_id) VALUES (393, 'Трубки', 'https://tlgur.com/d/81vEy5eG', 18, NULL, 5);
INSERT INTO music (id, music_title, music_source, author_id, album_id, genre_id) VALUES (394, 'Снег', 'https://tlgur.com/d/GENDPrNg', 18, NULL, 5);
INSERT INTO music (id, music_title, music_source, author_id, album_id, genre_id) VALUES (395, 'Dragon', 'https://tlgur.com/d/GL03ZYjG', 18, NULL, 5);
INSERT INTO music (id, music_title, music_source, author_id, album_id, genre_id) VALUES (396, 'Тремор', 'https://tlgur.com/d/GOqp0vQ4', 18, NULL, 5);
INSERT INTO music (id, music_title, music_source, author_id, album_id, genre_id) VALUES (397, 'Невеста', 'https://tlgur.com/d/GZ30PVNg', 18, NULL, 5);
INSERT INTO music (id, music_title, music_source, author_id, album_id, genre_id) VALUES (398, 'Бар', 'https://tlgur.com/d/gvbZokmg', 18, NULL, 5);
INSERT INTO music (id, music_title, music_source, author_id, album_id, genre_id) VALUES (399, '360', 'https://tlgur.com/d/GXjvVdo4', 18, NULL, 5);
INSERT INTO music (id, music_title, music_source, author_id, album_id, genre_id) VALUES (400, 'Грех', 'https://tlgur.com/d/g0ZEPkW8', 18, NULL, 5);
INSERT INTO music (id, music_title, music_source, author_id, album_id, genre_id) VALUES (401, 'Петербург', 'https://tlgur.com/d/4x5XoBb8', 18, NULL, 5);
INSERT INTO music (id, music_title, music_source, author_id, album_id, genre_id) VALUES (402, 'Талия', 'https://tlgur.com/d/GYYXDbPG', 18, NULL, 5);
INSERT INTO music (id, music_title, music_source, author_id, album_id, genre_id) VALUES (403, 'Сумка', 'https://tlgur.com/d/4NqKXDvg', 18, NULL, 5);
INSERT INTO music (id, music_title, music_source, author_id, album_id, genre_id) VALUES (380, 'Алдайды', 'https://tlgur.com/d/GOqp0eQ4', 17, NULL, 1);
INSERT INTO music (id, music_title, music_source, author_id, album_id, genre_id) VALUES (381, 'Бақыт өзег', 'https://tlgur.com/d/GZ30PANg', 17, NULL, 1);
INSERT INTO music (id, music_title, music_source, author_id, album_id, genre_id) VALUES (382, 'Балалық шаққа саяхат', 'https://tlgur.com/d/gvbZoDmg', 17, NULL, 1);
INSERT INTO music (id, music_title, music_source, author_id, album_id, genre_id) VALUES (383, 'Есіңдеме', 'https://tlgur.com/d/GXjvVlo4', 17, NULL, 1);
INSERT INTO music (id, music_title, music_source, author_id, album_id, genre_id) VALUES (384, 'Жаныма келші', 'https://tlgur.com/d/g0ZEP7W8', 17, NULL, 1);
INSERT INTO music (id, music_title, music_source, author_id, album_id, genre_id) VALUES (385, 'Жаралдыңба мен үшін', 'https://tlgur.com/d/4x5Xoyb8', 17, NULL, 1);
INSERT INTO music (id, music_title, music_source, author_id, album_id, genre_id) VALUES (404, 'Цыгане из Парижа', 'https://tlgur.com/d/4qqrwWv4', 18, NULL, 5);
INSERT INTO music (id, music_title, music_source, author_id, album_id, genre_id) VALUES (2, 'Армандаймын', 'https://tlgur.com/d/gvbAeqog', 1, 1, 1);
INSERT INTO music (id, music_title, music_source, author_id, album_id, genre_id) VALUES (3, 'Жан сырым', 'https://tlgur.com/d/8BOLEr6G', 1, 1, 1);
INSERT INTO music (id, music_title, music_source, author_id, album_id, genre_id) VALUES (4, 'Кездесу мен қоштасу', 'https://tlgur.com/d/8e0XJkD4', 1, 1, 1);
INSERT INTO music (id, music_title, music_source, author_id, album_id, genre_id) VALUES (41, 'Арман ай', 'https://tlgur.com/d/8nl7ZdXg', 3, NULL, 1);
INSERT INTO music (id, music_title, music_source, author_id, album_id, genre_id) VALUES (42, 'Армандамын', 'https://tlgur.com/d/GJvkErPG', 3, NULL, 1);
INSERT INTO music (id, music_title, music_source, author_id, album_id, genre_id) VALUES (43, 'Арулар', 'https://tlgur.com/d/GMxeEXk8', 3, NULL, 1);
INSERT INTO music (id, music_title, music_source, author_id, album_id, genre_id) VALUES (44, 'Асыл анам', 'https://tlgur.com/d/4RmDEBDg', 3, NULL, 1);
INSERT INTO music (id, music_title, music_source, author_id, album_id, genre_id) VALUES (45, 'Аспанга', 'https://tlgur.com/d/4RmDEBDg', 3, NULL, 1);
INSERT INTO music (id, music_title, music_source, author_id, album_id, genre_id) VALUES (46, 'Атамекен', 'https://tlgur.com/d/89BLD51G', 3, NULL, 1);
INSERT INTO music (id, music_title, music_source, author_id, album_id, genre_id) VALUES (47, 'Бакытты бол', 'https://tlgur.com/d/G7BL7WM8', 3, NULL, 1);
INSERT INTO music (id, music_title, music_source, author_id, album_id, genre_id) VALUES (48, 'Балкадиша', 'https://tlgur.com/d/GZ3jYpOg', 3, NULL, 1);
INSERT INTO music (id, music_title, music_source, author_id, album_id, genre_id) VALUES (49, 'Беу, дуние', 'https://tlgur.com/d/gvbAemRg', 3, NULL, 1);
INSERT INTO music (id, music_title, music_source, author_id, album_id, genre_id) VALUES (50, 'Болмай ма', 'https://tlgur.com/d/GXjAJyE4', 3, NULL, 1);
INSERT INTO music (id, music_title, music_source, author_id, album_id, genre_id) VALUES (51, 'Дуние керуен', 'https://tlgur.com/d/g0ZLxM38', 3, NULL, 1);
INSERT INTO music (id, music_title, music_source, author_id, album_id, genre_id) VALUES (52, 'Ерке кыз', 'https://tlgur.com/d/4x5jdpR8', 3, NULL, 1);
INSERT INTO music (id, music_title, music_source, author_id, album_id, genre_id) VALUES (53, 'Фани жалган', 'https://tlgur.com/d/4kxeJY68', 3, NULL, 1);
INSERT INTO music (id, music_title, music_source, author_id, album_id, genre_id) VALUES (54, 'Калага кеген кара кыз', 'https://tlgur.com/d/g57L29y8', 3, NULL, 1);
INSERT INTO music (id, music_title, music_source, author_id, album_id, genre_id) VALUES (55, 'Кермаралдай', 'https://tlgur.com/d/8BOLEaNG', 3, NULL, 1);
INSERT INTO music (id, music_title, music_source, author_id, album_id, genre_id) VALUES (56, 'Кимасым', 'https://tlgur.com/d/8e0XJn94', 3, NULL, 1);
INSERT INTO music (id, music_title, music_source, author_id, album_id, genre_id) VALUES (57, 'Конак келсе', 'https://tlgur.com/d/GaxJRE58', 3, NULL, 1);
INSERT INTO music (id, music_title, music_source, author_id, album_id, genre_id) VALUES (58, 'Курен куз', 'https://tlgur.com/d/4rqyxPMg', 3, NULL, 1);
INSERT INTO music (id, music_title, music_source, author_id, album_id, genre_id) VALUES (59, 'Ляйлим', 'https://tlgur.com/d/4rqyxPMg', 3, NULL, 1);
INSERT INTO music (id, music_title, music_source, author_id, album_id, genre_id) VALUES (60, 'Мереке', 'https://tlgur.com/d/GJvkEYKG', 3, NULL, 1);
INSERT INTO music (id, music_title, music_source, author_id, album_id, genre_id) VALUES (61, 'Мунайма', 'https://tlgur.com/d/GMxeEQ78', 3, NULL, 1);
INSERT INTO music (id, music_title, music_source, author_id, album_id, genre_id) VALUES (62, 'Наз', 'https://tlgur.com/d/4RmDENvg', 3, NULL, 1);
INSERT INTO music (id, music_title, music_source, author_id, album_id, genre_id) VALUES (63, 'Неге алдадын', 'https://tlgur.com/d/GolVvLBg', 3, NULL, 1);
INSERT INTO music (id, music_title, music_source, author_id, album_id, genre_id) VALUES (64, 'Сагындым сени', 'https://tlgur.com/d/GolVvLBg', 3, NULL, 1);
INSERT INTO music (id, music_title, music_source, author_id, album_id, genre_id) VALUES (65, 'Сен менин бакытымсын', 'https://tlgur.com/d/GolVvLBg', 3, NULL, 1);
INSERT INTO music (id, music_title, music_source, author_id, album_id, genre_id) VALUES (66, 'Сен сыйлаган Гул', 'https://tlgur.com/d/4Nq2EvNg', 3, NULL, 1);
INSERT INTO music (id, music_title, music_source, author_id, album_id, genre_id) VALUES (67, 'Сени сени сагындым', 'https://tlgur.com/d/g2XL51w8', 3, NULL, 1);
INSERT INTO music (id, music_title, music_source, author_id, album_id, genre_id) VALUES (68, 'Кустар Әні', 'https://tlgur.com/d/G7BL7m28', 3, NULL, 1);
INSERT INTO music (id, music_title, music_source, author_id, album_id, genre_id) VALUES (69, 'Суйгеним жок', 'https://tlgur.com/d/GVqlE208', 3, NULL, 1);
INSERT INTO music (id, music_title, music_source, author_id, album_id, genre_id) VALUES (70, 'Туган ел', 'https://tlgur.com/d/8DlLEvO8', 3, NULL, 1);
INSERT INTO music (id, music_title, music_source, author_id, album_id, genre_id) VALUES (71, 'Туган кун', 'https://tlgur.com/d/GPq7L0vg', 3, NULL, 1);
INSERT INTO music (id, music_title, music_source, author_id, album_id, genre_id) VALUES (72, 'Жайыктын толкындары', 'https://tlgur.com/d/4yqK7xD4', 3, NULL, 1);
INSERT INTO music (id, music_title, music_source, author_id, album_id, genre_id) VALUES (73, 'Жан ана', 'https://tlgur.com/d/gwq32X98', 3, NULL, 1);
INSERT INTO music (id, music_title, music_source, author_id, album_id, genre_id) VALUES (74, 'Жан досым', 'https://tlgur.com/d/8l62J9Qg', 3, NULL, 1);
INSERT INTO music (id, music_title, music_source, author_id, album_id, genre_id) VALUES (75, 'Жана жыл', 'https://tlgur.com/d/4zepVkpg', 3, NULL, 1);
INSERT INTO music (id, music_title, music_source, author_id, album_id, genre_id) VALUES (76, 'Жас калам', 'https://tlgur.com/d/4AXLjw2g', 3, NULL, 1);
INSERT INTO music (id, music_title, music_source, author_id, album_id, genre_id) VALUES (77, 'Женеше ай', 'https://tlgur.com/d/GYY3JjmG', 3, NULL, 1);
INSERT INTO music (id, music_title, music_source, author_id, album_id, genre_id) VALUES (90, 'Аялаган Арман-ай', 'https://tlgur.com/d/gj0BqZY8', 4, 4, 1);
INSERT INTO music (id, music_title, music_source, author_id, album_id, genre_id) VALUES (264, 'Aıtarym Kóp', 'https://tlgur.com/d/89BvoBKG', 11, 13, 1);
INSERT INTO music (id, music_title, music_source, author_id, album_id, genre_id) VALUES (265, 'Akpen birge', 'https://tlgur.com/d/GYYXyY0G', 11, NULL, 1);
INSERT INTO music (id, music_title, music_source, author_id, album_id, genre_id) VALUES (266, 'Aramyz Zhylyp Qalar', 'https://tlgur.com/d/4NqKxqag', 11, 12, 1);
INSERT INTO music (id, music_title, music_source, author_id, album_id, genre_id) VALUES (267, 'Bári de Ońay', 'https://tlgur.com/d/4qqr6qk4', 11, 12, 1);
INSERT INTO music (id, music_title, music_source, author_id, album_id, genre_id) VALUES (268, 'Bile', 'https://tlgur.com/d/8QqaBqj8', 11, NULL, 1);
INSERT INTO music (id, music_title, music_source, author_id, album_id, genre_id) VALUES (269, 'Endi Basqa', 'https://tlgur.com/d/g6REwRqg', 11, NULL, 1);
INSERT INTO music (id, music_title, music_source, author_id, album_id, genre_id) VALUES (270, 'Esimde Bári', 'https://tlgur.com/d/gm6K96d4', 11, 12, 1);
INSERT INTO music (id, music_title, music_source, author_id, album_id, genre_id) VALUES (271, 'Ǵaryshqa', 'https://tlgur.com/d/GW1ZD1Z4', 11, 12, 1);
INSERT INTO music (id, music_title, music_source, author_id, album_id, genre_id) VALUES (272, 'Intro', 'https://tlgur.com/d/81vE7vMG', 11, 12, 1);
INSERT INTO music (id, music_title, music_source, author_id, album_id, genre_id) VALUES (273, 'Kazak zhurti', 'https://tlgur.com/d/GENDoNWg', 11, NULL, 1);
INSERT INTO music (id, music_title, music_source, author_id, album_id, genre_id) VALUES (274, 'Kerek Emes', 'https://tlgur.com/d/4NqKxOog', 11, 12, 1);
INSERT INTO music (id, music_title, music_source, author_id, album_id, genre_id) VALUES (275, 'Kimge Eresin', 'https://tlgur.com/d/4qqr6xV4', 11, NULL, 1);
INSERT INTO music (id, music_title, music_source, author_id, album_id, genre_id) VALUES (276, 'Kinálama', 'https://tlgur.com/d/8QqaB6M8', 11, NULL, 1);
INSERT INTO music (id, music_title, music_source, author_id, album_id, genre_id) VALUES (277, 'Maǵan Jumbaq', 'https://tlgur.com/d/g6REwDMg', 11, 13, 1);
INSERT INTO music (id, music_title, music_source, author_id, album_id, genre_id) VALUES (278, 'Mahabbatym', 'https://tlgur.com/d/gm6K9ZJ4', 11, NULL, 1);
INSERT INTO music (id, music_title, music_source, author_id, album_id, genre_id) VALUES (279, 'Mektepte', 'https://tlgur.com/d/GW1ZDJX4', 11, NULL, 1);
INSERT INTO music (id, music_title, music_source, author_id, album_id, genre_id) VALUES (280, 'Men Seni Jylytyp Alamyn', 'https://tlgur.com/d/81vE7aAG', 11, NULL, 1);
INSERT INTO music (id, music_title, music_source, author_id, album_id, genre_id) VALUES (281, 'Meniki emes', 'https://tlgur.com/d/GENDoMpg', 11, NULL, 1);
INSERT INTO music (id, music_title, music_source, author_id, album_id, genre_id) VALUES (282, 'Menimen Birge', 'https://tlgur.com/d/GL03XvDG', 11, NULL, 1);
INSERT INTO music (id, music_title, music_source, author_id, album_id, genre_id) VALUES (283, 'Oral', 'https://tlgur.com/d/GOqpkxo4', 11, 12, 1);
INSERT INTO music (id, music_title, music_source, author_id, album_id, genre_id) VALUES (284, 'Qaidasyn', 'https://tlgur.com/d/GdXDpWjG', 11, NULL, 1);
INSERT INTO music (id, music_title, music_source, author_id, album_id, genre_id) VALUES (285, 'Qarangy', 'https://tlgur.com/d/G7BElW68', 11, NULL, 1);
INSERT INTO music (id, music_title, music_source, author_id, album_id, genre_id) VALUES (286, 'Qýanyshym', 'https://tlgur.com/d/GVqRV7r8', 11, 13, 1);
INSERT INTO music (id, music_title, music_source, author_id, album_id, genre_id) VALUES (287, 'Sen Menіń Úıіmsіń', 'https://tlgur.com/d/8DlVNRq8', 11, 13, 1);
INSERT INTO music (id, music_title, music_source, author_id, album_id, genre_id) VALUES (288, 'Seni Eske Salyp Tur', 'https://tlgur.com/d/GPqb5p7g', 11, NULL, 1);
INSERT INTO music (id, music_title, music_source, author_id, album_id, genre_id) VALUES (289, 'Tek Ekeýmіz Ǵana', 'https://tlgur.com/d/4yq06p04', 11, 13, 1);
INSERT INTO music (id, music_title, music_source, author_id, album_id, genre_id) VALUES (290, 'Алыстама', 'https://tlgur.com/d/gwqvKO08', 11, NULL, 1);
INSERT INTO music (id, music_title, music_source, author_id, album_id, genre_id) VALUES (291, 'Жаным сол', 'https://tlgur.com/d/8l6jmVDg', 11, NULL, 1);
INSERT INTO music (id, music_title, music_source, author_id, album_id, genre_id) VALUES (292, 'Кеш емес әлi', 'https://tlgur.com/d/4zexK1lg', 11, NULL, 1);
INSERT INTO music (id, music_title, music_source, author_id, album_id, genre_id) VALUES (293, 'Кім ол', 'https://tlgur.com/d/4AX2oaKg', 11, NULL, 1);
INSERT INTO music (id, music_title, music_source, author_id, album_id, genre_id) VALUES (294, 'Қош бол', 'https://tlgur.com/d/8QqaBx58', 11, NULL, 1);
INSERT INTO music (id, music_title, music_source, author_id, album_id, genre_id) VALUES (295, 'Мейірімді бол', 'https://tlgur.com/d/g6REwm9g', 11, NULL, 1);
INSERT INTO music (id, music_title, music_source, author_id, album_id, genre_id) VALUES (296, 'Ойлай берме', 'https://tlgur.com/d/gm6K9mm4', 11, NULL, 1);
INSERT INTO music (id, music_title, music_source, author_id, album_id, genre_id) VALUES (297, 'Ойлай берме', 'https://tlgur.com/d/GW1ZDoP4', 11, NULL, 1);
INSERT INTO music (id, music_title, music_source, author_id, album_id, genre_id) VALUES (298, 'Сағым', 'https://tlgur.com/d/81vE7moG', 11, NULL, 1);
INSERT INTO music (id, music_title, music_source, author_id, album_id, genre_id) VALUES (299, 'Сенің жаныңда', 'https://tlgur.com/d/GENDoXmg', 11, NULL, 1);
INSERT INTO music (id, music_title, music_source, author_id, album_id, genre_id) VALUES (300, 'All махаббат', 'https://tlgur.com/d/GL03X2aG', 11, NULL, 1);
INSERT INTO music (id, music_title, music_source, author_id, album_id, genre_id) VALUES (301, ' Өзіңмен бол', 'https://tlgur.com/d/GOqpkXY4', 11, NULL, 1);
INSERT INTO music (id, music_title, music_source, author_id, album_id, genre_id) VALUES (302, 'Akpen Birge', 'https://tlgur.com/d/GZ30wo6g', 11, NULL, 1);
INSERT INTO music (id, music_title, music_source, author_id, album_id, genre_id) VALUES (105, 'Arman Qus', 'https://tlgur.com/d/GW1zR7Z4', 6, 5, 1);
INSERT INTO music (id, music_title, music_source, author_id, album_id, genre_id) VALUES (106, 'Baby', 'https://tlgur.com/d/81vL0yMG', 6, 5, 1);
INSERT INTO music (id, music_title, music_source, author_id, album_id, genre_id) VALUES (107, 'Belgisiz Jan', 'https://tlgur.com/d/GENZLPWg', 6, 5, 1);
INSERT INTO music (id, music_title, music_source, author_id, album_id, genre_id) VALUES (108, 'En Sulu Jan', 'https://tlgur.com/d/GL0BRZkG', 6, 5, 1);
INSERT INTO music (id, music_title, music_source, author_id, album_id, genre_id) VALUES (109, 'Endlessly', 'https://tlgur.com/d/GOqdR0v4', 6, 5, 1);
INSERT INTO music (id, music_title, music_source, author_id, album_id, genre_id) VALUES (110, ' Gashyqsyn ba', 'https://tlgur.com/d/GZ3jRPag', 6, 5, 1);
INSERT INTO music (id, music_title, music_source, author_id, album_id, genre_id) VALUES (111, 'Jam On', 'https://tlgur.com/d/gvbA0ong', 6, 5, 1);
INSERT INTO music (id, music_title, music_source, author_id, album_id, genre_id) VALUES (112, 'Jauap Ber.', 'https://tlgur.com/d/GXjARV04', 6, 5, 1);
INSERT INTO music (id, music_title, music_source, author_id, album_id, genre_id) VALUES (113, 'Keme', 'https://tlgur.com/d/4yqK57Z4', 6, 5, 1);
INSERT INTO music (id, music_title, music_source, author_id, album_id, genre_id) VALUES (114, 'Kesh Meni', 'https://tlgur.com/d/gwq3x2y8', 6, 5, 1);
INSERT INTO music (id, music_title, music_source, author_id, album_id, genre_id) VALUES (115, 'Kozinning Moldirin-Ai', 'https://tlgur.com/d/8l621J7g', 6, 5, 1);
INSERT INTO music (id, music_title, music_source, author_id, album_id, genre_id) VALUES (116, 'Kursinbe', 'https://tlgur.com/d/4zepBVVg', 6, 5, 1);
INSERT INTO music (id, music_title, music_source, author_id, album_id, genre_id) VALUES (117, 'Lady', 'https://tlgur.com/d/4AXLAjAg', 6, 5, 1);
INSERT INTO music (id, music_title, music_source, author_id, album_id, genre_id) VALUES (118, 'Last Day', 'https://tlgur.com/d/g30LkBO4', 6, 5, 1);
INSERT INTO music (id, music_title, music_source, author_id, album_id, genre_id) VALUES (119, 'Morning', 'https://tlgur.com/d/gj0BEq38', 6, 5, 1);
INSERT INTO music (id, music_title, music_source, author_id, album_id, genre_id) VALUES (120, 'Only One', 'https://tlgur.com/d/8KX5REKG', 6, 5, 1);
INSERT INTO music (id, music_title, music_source, author_id, album_id, genre_id) VALUES (121, 'Qagaz Keme', 'https://tlgur.com/d/gpYD1Xx4', 6, 5, 1);
INSERT INTO music (id, music_title, music_source, author_id, album_id, genre_id) VALUES (122, 'Qait Qasyma', 'https://tlgur.com/d/GbZM1JdG', 6, 5, 1);
INSERT INTO music (id, music_title, music_source, author_id, album_id, genre_id) VALUES (123, 'Qarashy Magan', 'https://tlgur.com/d/G7BL2qD8', 6, 5, 1);
INSERT INTO music (id, music_title, music_source, author_id, album_id, genre_id) VALUES (124, 'Qashqyn', 'https://tlgur.com/d/8BOL35pG', 6, 5, 1);
INSERT INTO music (id, music_title, music_source, author_id, album_id, genre_id) VALUES (125, 'Qily Zaman', 'https://tlgur.com/d/8e0X1DW4', 6, 5, 1);
INSERT INTO music (id, music_title, music_source, author_id, album_id, genre_id) VALUES (126, 'Sen Sulu', 'https://tlgur.com/d/g0ZLXwd8', 6, 5, 1);
INSERT INTO music (id, music_title, music_source, author_id, album_id, genre_id) VALUES (127, 'Tagdyr', 'https://tlgur.com/d/4x5jkQ68', 6, 5, 1);
INSERT INTO music (id, music_title, music_source, author_id, album_id, genre_id) VALUES (128, 'Tauelsiz El', 'https://tlgur.com/d/4kxe1Qz8', 6, 5, 1);
INSERT INTO music (id, music_title, music_source, author_id, album_id, genre_id) VALUES (129, 'The Meaning Of The Life', 'https://tlgur.com/d/g57LBqM8', 6, 5, 1);
INSERT INTO music (id, music_title, music_source, author_id, album_id, genre_id) VALUES (130, 'Где ты', 'https://tlgur.com/d/8BOL3qQG', 6, 5, 1);
INSERT INTO music (id, music_title, music_source, author_id, album_id, genre_id) VALUES (131, 'Если бы я мог', 'https://tlgur.com/d/8e0X1Qk4', 6, 5, 1);
INSERT INTO music (id, music_title, music_source, author_id, album_id, genre_id) VALUES (132, 'Не покидай', 'https://tlgur.com/d/g2XLxqX8', 6, 5, 1);
INSERT INTO music (id, music_title, music_source, author_id, album_id, genre_id) VALUES (133, 'С тобой', 'https://tlgur.com/d/GdXv1OZG', 6, 5, 1);
INSERT INTO music (id, music_title, music_source, author_id, album_id, genre_id) VALUES (134, 'Ты для меня', 'https://tlgur.com/d/GaxJ1aZ8', 6, 5, 1);
INSERT INTO music (id, music_title, music_source, author_id, album_id, genre_id) VALUES (366, 'Мама говорила', 'https://tlgur.com/d/g30Eloz4', 15, NULL, 1);
INSERT INTO music (id, music_title, music_source, author_id, album_id, genre_id) VALUES (367, 'Мой Город', 'https://tlgur.com/d/gj0A2K68', 15, NULL, 1);
INSERT INTO music (id, music_title, music_source, author_id, album_id, genre_id) VALUES (368, 'По Пятам', 'https://tlgur.com/d/8KXA31vG', 15, 19, 1);
INSERT INTO music (id, music_title, music_source, author_id, album_id, genre_id) VALUES (369, 'Свела с ума', 'https://tlgur.com/d/gpYayJd4', 15, 19, 1);
INSERT INTO music (id, music_title, music_source, author_id, album_id, genre_id) VALUES (370, 'Суетолог', 'https://tlgur.com/d/GbZ7vPEG', 15, NULL, 1);
INSERT INTO music (id, music_title, music_source, author_id, album_id, genre_id) VALUES (371, 'Улети', 'https://tlgur.com/d/gm6KVax4', 15, NULL, 1);
INSERT INTO music (id, music_title, music_source, author_id, album_id, genre_id) VALUES (372, 'Забытый', 'https://tlgur.com/d/GW1Z7024', 15, NULL, 1);
INSERT INTO music (id, music_title, music_source, author_id, album_id, genre_id) VALUES (386, 'Кешір демедім', 'https://tlgur.com/d/4kx3dXn8', 17, NULL, 1);
INSERT INTO music (id, music_title, music_source, author_id, album_id, genre_id) VALUES (387, 'Неге', 'https://tlgur.com/d/g57EAwp8', 17, NULL, 1);
INSERT INTO music (id, music_title, music_source, author_id, album_id, genre_id) VALUES (388, 'Сені сүйем', 'https://tlgur.com/d/8BOd7MbG', 17, NULL, 1);
INSERT INTO music (id, music_title, music_source, author_id, album_id, genre_id) VALUES (389, 'Сүйіктіме', 'https://tlgur.com/d/8e0PxOa4', 17, NULL, 1);
INSERT INTO music (id, music_title, music_source, author_id, album_id, genre_id) VALUES (390, 'Үмітімді үзбеймін ', 'https://tlgur.com/d/gj0A2vQ8', 17, NULL, 1);
INSERT INTO music (id, music_title, music_source, author_id, album_id, genre_id) VALUES (391, 'Шағала', 'https://tlgur.com/d/8KXA3x5G', 17, NULL, 1);

INSERT INTO users (id, name, email, password) VALUES (2, 'Example', 'example@mail.ru', 'sha256$2vFoa55J0zh6TaEw$3bb762777d1610d1d5eadae97f38b8534a57a9ddc3c3e499272606face309c07');
INSERT INTO users (id, name, email, password) VALUES (1, 'Kazhymurat', 'kazhymurat.khammet@mail.ru', 'sha256$SevS65xpJILfTN5O$6ab0ac1d3580938b7c223847d4790bb771a4ad0c32bf67b360fe4b1a947c2000');

